rank,edge_id,road_name,length_m,traffic_volume,mean_speed_kmh,waiting_per_sampled_s,timeLoss_per_sampled_s,mean_queue_length_m,max_queue_length_m,hotspot_score
1,780976046#0,Lebuhraya Tun Doktor Lim Chong Eu,12.54,435,2.397,0.813,0.962,14.591,41.7,97.85
2,7706999,Lebuhraya Tun Doktor Lim Chong Eu,204.04,767,12.254,0.606,0.846,58.657,199.23,97.693
3,579074814,Pengkalan Weld,30.9,547,9.879,0.532,0.9,4.378,39.1,97.234
4,422712232#0,Jalan Doktor Lim Chwee Leong,10.61,426,3.879,0.79,0.961,4.64,25.0,97.198
5,579074816,Gat Jalan Prangin,12.46,504,6.448,0.607,0.886,5.02,20.02,96.498
6,204621948,Jalan C.Y. Choy,101.05,590,16.563,0.413,0.762,8.317,45.44,95.906
7,706923915,Lebuh Chulia,24.66,256,4.772,0.727,0.942,6.408,38.79,95.0
8,232874891#2,Jalan Sultan Ahmad Shah,9.25,766,18.144,0.288,0.817,0.529,10.91,94.867
9,41570134#1,Gat Jalan Prangin,60.3,502,19.252,0.261,0.807,3.103,70.66,94.589
10,573603768#0,Lebuhraya Tun Doktor Lim Chong Eu,11.92,232,2.01,0.815,0.975,6.953,21.2,94.348
11,-747362364#0,Jalan Masjid Kapitan Keling,32.96,191,5.84,0.703,0.941,4.059,32.06,93.357
12,581111411,Lebuh Lintang,71.41,123,0.815,0.865,0.99,50.784,70.75,92.874
13,180391453,Pengkalan Weld,12.48,548,23.635,0.238,0.761,0.616,19.5,92.85
14,180390898#0,Gat Lebuh Maccallum,29.26,204,7.235,0.639,0.845,3.047,25.6,92.79
15,714362126#5,Lebuh Carnarvon,36.2,260,13.669,0.5,0.841,1.965,16.6,92.705
16,784865484#0,Lebuh Lintang,20.27,114,0.796,0.919,0.987,21.502,31.1,92.512
17,184390382,Jalan Doktor Lim Chwee Leong,50.12,293,22.886,0.475,0.768,1.086,25.6,92.343
18,784865483,Jalan Doktor Lim Chwee Leong,17.63,206,9.084,0.565,0.908,1.499,13.5,92.222
19,232874898#4,Pengkalan Weld,38.8,183,10.233,0.685,0.898,2.048,16.6,92.174
20,747351267#3,Jalan Sri Bahari,19.05,261,13.569,0.336,0.691,0.951,20.1,91.425
21,579074811,Pengkalan Weld,30.94,670,25.714,0.1,0.736,0.175,10.67,91.196
22,168169936#1,Lebuh Acheh,29.09,250,13.419,0.24,0.73,1.665,32.21,91.111
23,750501575,Jalan Penang,55.95,280,22.835,0.348,0.746,1.113,13.51,91.099
24,1148900442,Gat Lebuh Melayu,23.58,382,18.532,0.115,0.625,0.45,17.22,90.471
25,-1079925970,Pengkalan Weld,17.82,517,20.344,0.062,0.592,0.777,20.5,90.447
26,784800203,Jalan Masjid Kapitan Keling,62.61,101,11.239,0.615,0.88,1.708,18.1,90.109
27,786282137#0,Jalan Magazine,0.2,631,22.937,0.0,0.769,0.0,0.0,89.674
28,572827188,Pengkalan Weld,63.35,166,19.903,0.451,0.799,0.89,16.6,89.143
29,978296550#0,Lebuh Farquhar,30.24,552,30.322,0.003,0.696,0.57,34.77,89.07
30,858726279#1,Gat Lebuh Melayu,38.37,391,20.182,0.137,0.54,0.843,24.71,89.034
31,31250743,Jalan Masjid Kapitan Keling,64.83,287,22.949,0.227,0.54,0.788,21.85,87.874
32,65692233#3,Jalan Pintal Tali,46.01,133,13.922,0.469,0.684,0.418,5.1,87.476
33,48737683#4,Lorong Seck Chuan,20.9,28,13.299,0.397,0.74,0.159,9.71,85.87
34,579261136#1,Jalan Masjid Kapitan Keling,34.0,245,32.252,0.285,0.642,0.273,5.55,85.217
35,1030470925,(unnamed),13.26,297,15.122,0.011,0.48,0.0,0.0,85.097
36,23370415#3,Lebuh Cintra,24.9,117,18.829,0.188,0.551,0.195,9.7,84.589
37,-160439553#0,Lorong Argus,51.07,412,24.805,0.017,0.437,0.389,23.74,84.553
38,760556928#1,Jalan Penang,11.21,60,16.307,0.155,0.705,0.084,5.1,84.517
39,747351289,Lebuh Chulia,27.56,386,32.869,0.0,0.667,0.0,0.0,84.408
40,979454442#0,Jalan Argyll,7.03,265,27.712,0.0,0.649,0.0,0.0,84.203
41,979454431,Lebuh Pasar,30.62,149,19.638,0.18,0.544,0.12,5.1,84.191
42,183547136,Lebuh Farquhar,39.16,481,36.61,0.0,0.629,0.0,0.0,83.756
43,572827181,Gat Lebuh Melayu,22.62,382,26.261,0.035,0.469,0.0,0.0,83.744
44,31283701#5,Lebuh Pantai,19.98,385,24.683,0.0,0.5,0.0,0.0,83.575
45,31250820#2,Gat Lebuh Armenian,58.62,35,19.698,0.374,0.608,0.111,6.8,83.466
46,842950907,Jalan Sultan Ahmad Shah,4.49,255,28.94,0.0,0.634,0.0,0.0,83.309
47,23109528#12,Lebuh Farquhar,6.15,255,27.172,0.0,0.597,0.0,0.0,83.249
48,168175854,Lebuh Carnarvon,58.66,100,22.184,0.27,0.533,0.474,9.7,83.2
49,786282137#1,Jalan Magazine,61.37,832,37.841,0.0,0.562,0.0,0.0,83.14
50,993415067,Jalan Doktor Lim Chwee Leong,13.33,419,39.385,0.082,0.58,0.0,0.0,82.959
51,23159651#0,Lebuh Downing,20.7,86,23.597,0.025,0.738,0.0,0.0,82.947
52,784913377,Gat Jalan Magazine,67.97,40,27.822,0.398,0.704,0.248,6.0,82.754
53,232874891#1,Jalan Sultan Ahmad Shah,7.73,767,43.154,0.043,0.564,0.0,0.0,82.403
54,65684835,Lebuh Carnarvon,82.26,337,40.455,0.09,0.563,0.18,5.48,82.053
55,1378702953,Lebuh Downing,16.77,86,22.859,0.0,0.731,0.0,0.0,82.041
56,993415066,Jalan Hutton,192.58,169,35.821,0.329,0.548,1.477,13.5,81.739
57,761361241,Lebuh Muntri,22.5,85,19.491,0.158,0.518,0.0,0.0,81.365
58,32079731#4,Jalan Pintal Tali,28.23,133,23.75,0.084,0.518,0.084,5.13,81.063
59,1079925970,Pengkalan Weld,18.76,274,37.773,0.0,0.618,0.0,0.0,81.014
60,714362123#4,Lebuh Kimberley,53.62,295,29.084,0.032,0.414,0.0,0.0,80.737
61,41593077#0,Jalan Doktor Lim Chwee Leong,17.14,297,39.473,0.0,0.602,0.0,0.0,80.447
62,168169935,Lebuh Acheh,14.84,231,22.54,0.031,0.412,0.0,0.0,80.374
63,579261137#2,Lorong Love,20.45,481,24.906,0.0,0.366,0.0,0.0,80.374
64,-1079925969,Pengkalan Weld,32.52,517,44.388,0.005,0.55,0.0,0.0,79.553
65,232874892#0,Jalan Penang,6.77,314,41.614,0.0,0.58,0.0,0.0,79.444
66,978296550#3,Lebuh Farquhar,2.79,550,42.534,0.0,0.507,0.0,0.0,79.203
67,579074810,Pengkalan Weld,19.17,545,44.4,0.0,0.55,0.0,0.0,79.179
68,1315231082#1,Kampung Kaka,2.04,63,23.357,0.0,0.56,0.0,0.0,79.118
69,762420639#2,Lebuh Victoria,16.93,248,28.377,0.0,0.444,0.0,0.0,79.034
70,204621947#1,Lebuh Carnarvon,68.18,434,43.706,0.0,0.558,0.0,0.0,78.998
71,48737681,Kampung Kaka,18.78,63,31.175,0.0,0.683,0.0,0.0,78.877
72,-747362364#1,Jalan Masjid Kapitan Keling,52.85,191,43.959,0.237,0.564,0.182,11.1,78.792
73,747362366#5,Lebuh Chulia,12.18,68,22.273,0.0,0.527,0.0,0.0,78.599
74,-31249857#0,(unnamed),34.65,434,28.394,0.0,0.345,0.0,0.0,78.575
75,979454442#1,Jalan Argyll,17.31,264,37.646,0.0,0.523,0.0,0.0,78.539
76,23109784,Jalan Penang,22.69,314,39.528,0.0,0.517,0.0,0.0,78.478
77,578842217#5,Jalan Kuala Kangsar,49.31,92,27.457,0.126,0.447,0.084,5.12,78.478
78,1148896922,Pengkalan Weld,22.2,183,38.779,0.0,0.613,0.0,0.0,78.297
79,1458623110,Lebuh Queen,26.05,10,21.524,0.159,0.469,0.0,0.0,78.164
80,32079731#2,Jalan Pintal Tali,0.2,133,25.581,0.0,0.479,0.0,0.0,78.152
81,573603767,Gat Lebuh Maccallum,5.01,257,37.879,0.0,0.523,0.0,0.0,78.116
82,1315231082#0,Kampung Kaka,0.14,63,33.169,0.0,0.655,0.0,0.0,77.729
83,979454448#2,Jalan Masjid Kapitan Keling,46.2,349,39.608,0.0,0.456,0.0,0.0,77.621
84,579074813,Gat Jalan Magazine,11.0,40,32.067,0.0,0.678,0.0,0.0,77.548
85,-747362366#4,Lebuh Chulia,19.06,28,31.714,0.0,0.677,0.0,0.0,77.488
86,1258165055,Jalan Masjid Kapitan Keling,19.34,330,44.54,0.0,0.537,0.0,0.0,76.836
87,41593080#0,Lebuh Carnarvon,30.96,63,36.416,0.0,0.63,0.0,0.0,76.824
88,179564510#1,Gat Lebuh Noordin,40.05,53,26.076,0.187,0.415,0.0,0.0,76.703
89,41593078,(unnamed),54.53,121,37.569,0.022,0.527,0.084,5.13,76.582
90,23109528#11,Lebuh Farquhar,19.93,255,43.641,0.0,0.552,0.0,0.0,76.486
91,31250742#1,Lebuh Cannon,27.37,484,30.018,0.0,0.274,0.0,0.0,76.208
92,31250291#2,Lebuh Gereja,31.44,64,25.287,0.075,0.401,0.0,0.0,75.942
93,137903943#0,Lebuh Leith,30.11,16,32.52,0.0,0.585,0.0,0.0,75.845
94,232887452#0,Lebuh Pantai,19.97,86,36.71,0.0,0.537,0.0,0.0,75.459
95,137931885#0,Lorong Pasar,19.88,267,32.641,0.0,0.344,0.0,0.0,75.435
96,160439701#0,Lebuh Pantai,67.1,273,43.033,0.0,0.454,0.0,0.0,75.35
97,-275395206,Lebuh Leith,9.8,85,27.263,0.0,0.429,0.0,0.0,75.266
98,31250739#0,Lebuh Acheh,56.67,233,31.846,0.0,0.359,0.0,0.0,75.193
99,-137931894#2,Lorong Chulia,36.05,215,29.919,0.023,0.315,0.0,0.0,75.072
100,179564507#0,Gat Lebuh Presgrave,6.85,32,26.777,0.0,0.468,0.0,0.0,74.94
101,41657436#0,Jalan Masjid Kapitan Keling,47.02,182,44.635,0.0,0.549,0.0,0.0,74.179
102,232874888#0,Jalan Sultan Ahmad Shah,24.75,452,50.229,0.0,0.492,0.0,0.0,74.082
103,758391360,Lebuhraya Tun Doktor Lim Chong Eu,27.68,434,45.773,0.0,0.42,0.0,0.0,74.046
104,747362364#0,Jalan Masjid Kapitan Keling,32.96,209,45.209,0.0,0.54,0.0,0.0,74.022
105,31250667,Lebuh Victoria,42.54,43,37.353,0.0,0.54,0.0,0.0,73.998
106,179566164#0,Jalan Doktor Lim Chwee Leong,15.51,541,52.3,0.003,0.471,0.0,0.0,73.973
107,137903940#0,Lebuh Chulia,14.36,16,26.227,0.0,0.436,0.0,0.0,73.792
108,706923916#3,Lebuh Chulia,64.48,246,51.433,0.175,0.479,0.249,15.2,73.732
109,784811174,Jalan Masjid Kapitan Keling,15.78,349,49.663,0.0,0.496,0.0,0.0,73.394
110,1309612330#2,Lebuh Presgrave,33.38,239,30.584,0.0,0.292,0.0,0.0,73.309
111,978296550#1,Lebuh Farquhar,41.78,550,54.687,0.0,0.452,0.0,0.0,73.285
112,137931894#0,Lorong Chulia,19.82,54,29.657,0.0,0.408,0.0,0.0,73.225
113,979454447,Lebuh Chulia,32.93,160,45.078,0.0,0.546,0.0,0.0,73.188
114,31250668#0,Lebuh Leith,61.35,369,50.645,0.0,0.49,0.0,0.0,73.128
115,585657737,Gat Lebuh Chulia,19.49,43,42.282,0.0,0.583,0.0,0.0,72.85
116,706923916#0,Lebuh Chulia,12.16,386,52.086,0.0,0.472,0.0,0.0,72.754
117,42850528#2,Lebuh Pasar,61.81,138,32.157,0.001,0.349,0.0,0.0,72.657
118,65692233#1,Jalan Pintal Tali,28.3,133,31.851,0.0,0.353,0.0,0.0,72.597
119,41593077#2,Jalan Doktor Lim Chwee Leong,0.7,527,32.922,0.0,0.184,0.0,0.0,72.572
120,-747362366#3,Lebuh Chulia,29.69,28,35.618,0.0,0.466,0.0,0.0,72.536
121,204621947#2,Lebuh Carnarvon,36.61,433,49.446,0.0,0.429,0.0,0.0,72.403
122,-275395207,Lebuh Muntri,41.57,39,31.424,0.035,0.376,0.0,0.0,72.379
123,979454442#2,Jalan Argyll,5.35,264,45.628,0.0,0.422,0.0,0.0,72.379
124,579261137#1,Lorong Love,62.53,481,37.615,0.0,0.238,0.0,0.0,72.343
125,31283701#4,Lebuh Pantai,18.71,386,46.907,0.0,0.406,0.0,0.0,72.21
126,742646000,Jalan Sultan Ahmad Shah,65.81,255,48.088,0.0,0.521,0.0,0.0,72.198
127,978294682#3,Lebuh Light,15.83,182,38.963,0.0,0.379,0.0,0.0,72.126
128,579074812,Pengkalan Weld,42.24,630,57.367,0.0,0.423,0.0,0.0,71.655
129,162360688#0,Jalan Penang,37.04,547,50.686,0.0,0.393,0.0,0.0,71.618
130,994109119,Jalan Penang,14.51,563,57.102,0.0,0.411,0.0,0.0,71.341
131,160439693#0,Lebuh Pantai,65.12,550,50.183,0.0,0.365,0.0,0.0,71.292
132,978294684#0,Jalan Sultan Ahmad Shah,22.91,482,56.537,0.0,0.427,0.0,0.0,71.159
133,160440787#0,Gat Lebuh Acheh,88.29,250,34.538,0.0,0.255,0.0,0.0,71.039
134,-E2,(unnamed),236.34,414,38.152,0.0,0.22,0.0,0.0,70.857
135,-761361241,Lebuh Muntri,22.47,39,31.851,0.0,0.367,0.0,0.0,70.809
136,-761361235,Jalan Penang,53.93,60,44.938,0.0,0.543,0.0,0.0,70.785
137,572827187,Lebuhraya Merdeka,0.2,28,19.369,0.0,0.276,0.0,0.0,70.725
138,757095587,(unnamed),71.89,28,29.325,0.0,0.353,0.0,0.0,70.725
139,978296550#2,Lebuh Farquhar,37.5,550,58.382,0.0,0.399,0.0,0.0,70.507
140,179564507#1,Gat Lebuh Presgrave,152.9,32,33.679,0.14,0.317,0.167,5.1,70.495
141,232874892#1,Jalan Penang,52.63,314,56.193,0.0,0.432,0.0,0.0,70.447
142,758465522#2,Jalan C.Y. Choy,88.3,271,47.798,0.0,0.402,0.0,0.0,70.35
143,747362366#1,Lebuh Chulia,54.09,160,45.682,0.0,0.444,0.0,0.0,70.229
144,978918596#0,(unnamed),30.38,92,34.008,0.0,0.307,0.0,0.0,69.843
145,1383711615#0,Gat Lebuh Chulia,47.33,43,41.907,0.0,0.45,0.0,0.0,69.831
146,41593077#1-AddedOnRampEdge,Jalan Doktor Lim Chwee Leong,100.13,729,61.108,0.0,0.383,0.0,0.0,69.662
147,264409108#0,Jalan Kuala Kangsar,31.09,244,37.431,0.0,0.246,0.0,0.0,69.638
148,-232874892#0,Jalan Penang,6.77,60,39.687,0.0,0.403,0.0,0.0,69.577
149,578842217#3,Jalan Kuala Kangsar,34.25,92,34.659,0.0,0.303,0.0,0.0,69.42
150,32079731#0,Jalan Pintal Tali,65.02,42,32.788,0.0,0.336,0.0,0.0,69.324
151,232874888#1,Jalan Sultan Ahmad Shah,8.19,452,59.515,0.0,0.398,0.0,0.0,69.312
152,714362123#0,Lebuh Kimberley,38.15,299,39.189,0.0,0.211,0.0,0.0,69.227
153,706923916#1,Lebuh Chulia,55.78,385,55.857,0.0,0.382,0.0,0.0,69.203
154,232874894#0,Jalan Penang,63.85,181,48.007,0.0,0.453,0.0,0.0,69.094
155,48737683#0,Lorong Seck Chuan,27.59,28,33.523,0.0,0.344,0.0,0.0,69.034
156,756622097,Lebuh Carnarvon,33.53,170,51.779,0.0,0.481,0.0,0.0,68.913
157,31250742#0,Lebuh Cannon,66.95,484,41.054,0.0,0.175,0.0,0.0,68.901
158,31249844#0,Lebuh Melayu,73.49,114,36.056,0.0,0.275,0.0,0.0,68.829
159,-572827187,Lebuhraya Merdeka,0.2,28,20.256,0.0,0.227,0.0,0.0,68.611
160,232874894#3,Jalan Penang,74.08,233,55.492,0.0,0.442,0.0,0.0,68.611
161,41594699,(unnamed),109.93,433,41.052,0.0,0.17,0.0,0.0,68.418
162,232874888#3,Jalan Sultan Ahmad Shah,21.68,512,61.798,0.0,0.375,0.0,0.0,68.394
163,179566164#1,Jalan Doktor Lim Chwee Leong,36.86,541,62.514,0.002,0.362,0.0,0.0,68.357
164,232874888#2,Jalan Sultan Ahmad Shah,0.2,452,61.46,0.0,0.378,0.0,0.0,68.225
165,168169936#0,Lebuh Acheh,121.72,250,39.951,0.01,0.197,0.122,7.45,68.2
166,-757095587,(unnamed),70.24,28,31.335,0.0,0.29,0.0,0.0,68.128
167,579074815,Pengkalan Weld,66.28,545,62.748,0.0,0.364,0.0,0.0,68.128
168,858726279#0,Gat Lebuh Melayu,42.32,391,41.111,0.0,0.17,0.0,0.0,67.971
169,32189366#1,Lebuh Buckingham,130.32,252,50.671,0.065,0.316,0.351,6.8,67.705
170,1079925969,Pengkalan Weld,32.52,274,59.402,0.0,0.398,0.0,0.0,67.669
171,747351267#2,Jalan Sri Bahari,105.75,262,41.483,0.055,0.158,0.088,5.37,67.44
172,1149179827,Pengkalan Weld,35.89,545,65.23,0.006,0.328,0.085,5.17,67.331
173,573603764,Lebuhraya Tun Doktor Lim Chong Eu,27.06,177,47.959,0.0,0.401,0.0,0.0,67.307
174,771557426,Pengkalan Weld,70.06,548,66.183,0.014,0.33,0.0,0.0,67.15
175,31250291#0,Lebuh Gereja,60.3,86,37.047,0.0,0.252,0.0,0.0,66.944
176,47855702#0,Lorong Love,39.05,68,36.763,0.0,0.261,0.0,0.0,66.944
177,-784800203,Jalan Masjid Kapitan Keling,62.61,180,56.236,0.0,0.442,0.0,0.0,66.908
178,979454439,Lebuh Kimberley,86.69,296,40.827,0.0,0.153,0.0,0.0,66.449
179,168175855#0,Lebuh Carnarvon,35.75,96,37.767,0.0,0.237,0.0,0.0,66.196
180,31249854#0,Lebuh Carnarvon,39.89,291,62.75,0.0,0.367,0.0,0.0,66.196
181,47855702#3,Lorong Love,58.13,68,37.242,0.0,0.251,0.0,0.0,66.159
182,179566164#2,Jalan Doktor Lim Chwee Leong,4.51,540,62.828,0.0,0.313,0.0,0.0,66.075
183,978918596#1,(unnamed),58.41,92,36.101,0.004,0.185,0.0,0.0,65.918
184,-168175854,Lebuh Carnarvon,58.66,63,34.974,0.0,0.225,0.0,0.0,65.833
185,978294684#1,Jalan Sultan Ahmad Shah,20.2,483,66.09,0.0,0.331,0.0,0.0,65.773
186,784330003#0,Lebuh Light,39.67,182,59.559,0.0,0.409,0.0,0.0,65.604
187,858724804#1,Lebuh Noordin,42.12,265,38.889,0.0,0.131,0.0,0.0,65.543
188,137903970#1,Lebuh Armenian,49.43,196,37.612,0.0,0.155,0.0,0.0,65.519
189,578842216,Lebuh Kimberley,127.14,144,38.977,0.01,0.178,0.0,0.0,65.495
190,760445561#6,Lebuh Victoria,144.94,257,54.675,0.0,0.314,0.0,0.0,65.495
191,168175855#3,Lebuh Carnarvon,70.67,96,37.104,0.0,0.193,0.0,0.0,65.471
192,1340566810,Pitt Street,8.75,330,49.101,0.0,0.242,0.0,0.0,65.423
193,979454448#0,Jalan Masjid Kapitan Keling,40.14,349,65.188,0.0,0.338,0.0,0.0,65.362
194,46906456#0,Lebuh Carnarvon,44.03,212,60.998,0.0,0.387,0.0,0.0,65.302
195,758391345#0,Gat Lebuh Maccallum,23.36,257,55.116,0.0,0.305,0.0,0.0,65.193
196,-761361242,Lebuh Leith,21.37,85,47.743,0.0,0.388,0.0,0.0,65.181
197,742645997,Jalan Sultan Ahmad Shah,85.12,256,60.404,0.0,0.349,0.0,0.0,65.072
198,31250820#0,Gat Lebuh Armenian,47.84,34,37.551,0.0,0.254,0.0,0.0,64.879
199,41657436#1,Jalan Masjid Kapitan Keling,0.2,181,58.389,0.0,0.393,0.0,0.0,64.867
200,579074817#0,Gat Jalan Magazine,50.66,40,54.173,0.0,0.455,0.0,0.0,64.867
201,784802555,Lebuh Carnarvon,37.74,106,58.364,0.0,0.416,0.0,0.0,64.65
202,264409109,Jalan Chowrasta,123.17,92,38.103,0.0,0.196,0.0,0.0,64.589
203,587789127#1,Lebuh Pantai,44.68,86,45.489,0.0,0.297,0.0,0.0,64.106
204,232871336,Gat Lebuh Chulia,27.45,43,56.571,0.0,0.443,0.0,0.0,63.973
205,1434761100#0,Lebuh Campbell,114.38,267,57.275,0.0,0.274,0.0,0.0,63.901
206,32189366#0,Lebuh Buckingham,38.02,280,57.263,0.0,0.257,0.0,0.0,63.72
207,714362126#3,Lebuh Carnarvon,95.76,261,66.088,0.0,0.338,0.0,0.0,63.72
208,46906456#4,Lebuh Carnarvon,79.77,212,59.704,0.0,0.331,0.0,0.0,63.671
209,762420639#1,Lebuh Victoria,44.16,249,56.449,0.0,0.291,0.0,0.0,63.659
210,137903943#2,Lebuh Leith,68.09,16,45.678,0.0,0.353,0.0,0.0,63.587
211,32079731#3,Jalan Pintal Tali,70.24,133,40.83,0.0,0.171,0.0,0.0,63.297
212,761361235,Jalan Penang,53.64,361,68.747,0.0,0.305,0.0,0.0,63.273
213,784822853,Pengkalan Weld,39.6,303,68.584,0.001,0.305,0.0,0.0,63.273
214,232874891#0,Jalan Sultan Ahmad Shah,53.24,767,72.844,0.0,0.264,0.0,0.0,63.261
215,-137931894#3,Lorong Chulia,31.45,215,42.537,0.0,0.145,0.0,0.0,63.176
216,31249858#0,Lebuh King,35.43,139,41.141,0.0,0.165,0.0,0.0,63.176
217,41593077#1,Jalan Doktor Lim Chwee Leong,99.37,729,72.285,0.0,0.259,0.0,0.0,63.08
218,714362126#4,Lebuh Carnarvon,24.8,260,67.817,0.0,0.321,0.0,0.0,62.705
219,65692233#0,Jalan Pintal Tali,42.71,133,41.232,0.0,0.162,0.0,0.0,62.572
220,23109528#0,Lebuh Farquhar,8.6,256,67.99,0.0,0.323,0.0,0.0,62.536
221,741719633,Lebuh Downing,13.32,86,60.913,0.0,0.385,0.0,0.0,62.476
222,31283701#3,Lebuh Pantai,11.81,386,61.574,0.0,0.22,0.0,0.0,62.428
223,747362364#1,Jalan Masjid Kapitan Keling,52.85,210,65.524,0.0,0.333,0.0,0.0,62.355
224,747362366#0,Lebuh Chulia,29.62,160,63.823,0.0,0.357,0.0,0.0,62.319
225,31250739#1,Lebuh Acheh,35.1,231,43.238,0.0,0.129,0.0,0.0,62.198
226,137931885#1,Lorong Pasar,22.0,266,44.371,0.0,0.109,0.0,0.0,62.162
227,757097127#1,Lorong Stewart,47.83,54,37.45,0.0,0.15,0.0,0.0,61.932
228,1383711614,Pengkalan Weld,0.2,182,55.483,0.0,0.256,0.0,0.0,61.739
229,137903943#1,Lebuh Leith,23.9,16,50.343,0.0,0.357,0.0,0.0,61.655
230,1432648580,Lebuh Armenian,106.19,196,43.212,0.0,0.127,0.0,0.0,61.655
231,776404701,Jalan C.Y. Choy,35.2,202,58.506,0.0,0.263,0.0,0.0,61.57
232,31249858#1,Lebuh King,71.47,139,39.976,0.0,0.124,0.0,0.0,61.546
233,31250668#1,Lebuh Leith,30.5,369,72.555,0.0,0.269,0.0,0.0,61.473
234,137931894#1,Lorong Chulia,56.45,54,38.292,0.0,0.154,0.0,0.0,61.389
235,31249844#2,Lebuh Melayu,202.71,114,41.956,0.004,0.133,0.0,0.0,61.28
236,1328105303#1,(unnamed),31.69,271,71.453,0.0,0.285,0.0,0.0,61.232
237,179745736#1,Jalan C.Y. Choy,28.22,202,56.784,0.0,0.245,0.0,0.0,61.147
238,579074818#0,Pengkalan Weld,51.8,768,76.325,0.0,0.227,0.0,0.0,60.833
239,23370415#1,Lebuh Cintra,83.81,210,43.081,0.0,0.103,0.0,0.0,60.785
240,23370339#0,Lebuh Campbell,126.47,384,63.942,0.0,0.184,0.0,0.0,60.64
241,182698218#0,Pengkalan Weld,77.88,183,68.71,0.0,0.315,0.0,0.0,60.604
242,232887452#1,Lebuh Pantai,25.72,86,56.201,0.0,0.291,0.0,0.0,60.483
243,160439703,Lebuh Pantai,119.5,548,65.294,0.0,0.153,0.0,0.0,60.447
244,65684838,Lebuh Carnarvon,40.47,43,61.425,0.0,0.356,0.0,0.0,60.048
245,714362123#3,Lebuh Kimberley,99.12,298,45.731,0.0,0.079,0.0,0.0,60.024
246,162360688#1,Jalan Penang,0.2,280,73.376,0.0,0.26,0.0,0.0,59.976
247,23109477,Lebuh Light,47.92,182,67.349,0.0,0.289,0.0,0.0,59.807
248,784330003#1,Lebuh Light,6.13,182,70.009,0.0,0.304,0.0,0.0,59.686
249,858724804#0,Lebuh Noordin,196.78,268,45.451,0.0,0.072,0.0,0.0,59.275
250,179591140#1,Jalan Magazine,75.53,396,76.667,0.0,0.228,0.0,0.0,59.227
251,714362123#1,Lebuh Kimberley,41.24,298,46.183,0.0,0.07,0.0,0.0,59.179
252,31250291#1,Lebuh Gereja,63.41,86,42.63,0.0,0.122,0.0,0.0,59.094
253,41657437,Jalan Masjid Kapitan Keling,48.45,181,70.857,0.0,0.297,0.0,0.0,59.01
254,579074818#1,Pengkalan Weld,5.95,768,72.429,0.0,0.146,0.0,0.0,58.961
255,747351286#2,Lebuh Victoria,61.87,43,52.08,0.0,0.26,0.0,0.0,58.961
256,747351267#0,Jalan Sri Bahari,41.57,262,45.648,0.0,0.074,0.0,0.0,58.901
257,979454434#0,Lebuh Gereja,126.87,86,43.301,0.0,0.125,0.0,0.0,58.853
258,65692233#2,Jalan Pintal Tali,45.13,133,43.907,0.0,0.108,0.0,0.0,58.768
259,-232874892#1,Jalan Penang,52.63,60,64.737,0.0,0.321,0.0,0.0,58.647
260,706923917#0,Lebuh Queen,95.14,21,41.977,0.0,0.149,0.0,0.0,58.623
261,275395207,Lebuh Muntri,41.57,85,43.48,0.0,0.126,0.0,0.0,58.599
262,232874892#2,Jalan Penang,47.7,314,76.485,0.0,0.227,0.0,0.0,58.551
263,46906456#1,Lebuh Carnarvon,21.51,212,73.359,0.0,0.263,0.0,0.0,58.297
264,137931885#2,Lorong Pasar,39.52,266,46.34,0.0,0.069,0.0,0.0,58.176
265,232874888#5,Jalan Sultan Ahmad Shah,71.66,512,79.124,0.0,0.199,0.0,0.0,58.068
266,232874892#6,Jalan Penang,36.98,314,74.696,0.0,0.209,0.0,0.0,58.068
267,23370339#1,Lebuh Campbell,118.98,339,66.693,0.0,0.133,0.0,0.0,57.681
268,747351267#1,Jalan Sri Bahari,58.75,262,46.114,0.0,0.065,0.0,0.0,57.512
269,573603769#0,Lebuhraya Tun Doktor Lim Chong Eu,99.18,633,70.361,0.0,0.106,0.0,0.0,57.452
270,1328105303#0,(unnamed),27.51,271,77.061,0.0,0.229,0.0,0.0,57.428
271,979454442#3,Jalan Argyll,120.05,264,66.554,0.0,0.156,0.0,0.0,57.403
272,137931885#3,Lorong Pasar,45.9,266,46.519,0.0,0.065,0.0,0.0,57.331
273,31249854#1,Lebuh Carnarvon,6.65,290,77.149,0.0,0.222,0.0,0.0,57.234
274,264409108#1,Jalan Kuala Kangsar,95.4,244,46.207,0.0,0.069,0.0,0.0,57.077
275,47657367#0,Lebuh Muntri,34.17,55,44.174,0.0,0.115,0.0,0.0,57.029
276,579261137#0,Lorong Love,81.35,69,44.692,0.0,0.1,0.0,0.0,56.341
277,31283701#0,Lebuh Pantai,70.23,386,69.953,0.0,0.114,0.0,0.0,56.329
278,23370415#0,Lebuh Cintra,21.56,211,46.245,0.0,0.066,0.0,0.0,56.304
279,160439701#1,Lebuh Pantai,120.69,273,67.722,0.0,0.126,0.0,0.0,56.147
280,978294682#0,Lebuh Light,30.8,182,76.009,0.0,0.246,0.0,0.0,56.123
281,706923917#1,Lebuh Queen,70.43,21,42.599,0.0,0.101,0.0,0.0,56.087
282,1309612330#0,Lebuh Presgrave,169.9,238,46.668,0.0,0.066,0.0,0.0,56.075
283,31283701#2,Lebuh Pantai,5.51,386,70.412,0.0,0.108,0.0,0.0,56.027
284,747351286#1,Lebuh Victoria,45.46,43,62.524,0.0,0.229,0.0,0.0,55.761
285,573603769#1,Lebuhraya Tun Doktor Lim Chong Eu,79.49,601,72.629,0.0,0.091,0.0,0.0,55.749
286,714361122,Pengkalan Weld,50.0,182,74.393,0.0,0.225,0.0,0.0,55.7
287,48737683#1,Lorong Seck Chuan,9.27,28,45.291,0.0,0.116,0.0,0.0,55.628
288,758391345#1,Gat Lebuh Maccallum,57.02,257,68.899,0.0,0.131,0.0,0.0,55.592
289,42746179,Jalan Sungai Ujong,159.58,211,46.387,0.0,0.063,0.0,0.0,55.459
290,23109528#9,Lebuh Farquhar,66.88,255,79.093,0.0,0.212,0.0,0.0,55.35
291,23109528#1,Lebuh Farquhar,55.41,256,79.208,0.0,0.211,0.0,0.0,55.229
292,23370415#2,Lebuh Cintra,55.3,117,46.144,0.0,0.075,0.0,0.0,55.169
293,160439693#1,Lebuh Pantai,50.77,548,72.67,0.0,0.08,0.0,0.0,55.012
294,579074817#1,Gat Jalan Magazine,30.2,40,71.949,0.0,0.277,0.0,0.0,54.964
295,232874893,Jalan Penang,39.82,280,81.6,0.0,0.176,0.0,0.0,54.964
296,32079731#1,Jalan Pintal Tali,36.6,42,44.66,0.0,0.095,0.0,0.0,54.952
297,31283701#1,Lebuh Pantai,14.37,386,71.96,0.0,0.089,0.0,0.0,54.396
298,232887452#2,Lebuh Pantai,19.55,86,65.674,0.0,0.171,0.0,0.0,54.384
299,183547134,Jalan Sultan Ahmad Shah,99.46,483,84.65,0.0,0.139,0.0,0.0,54.36
300,232874892#5,Jalan Penang,18.05,314,83.381,0.0,0.158,0.0,0.0,54.324
301,1118021472#0,(unnamed),42.52,184,78.561,0.0,0.216,0.0,0.0,54.251
302,41570134#0,Gat Jalan Prangin,90.78,253,80.595,0.0,0.19,0.0,0.0,54.239
303,-232874892#6,Jalan Penang,36.98,60,73.204,0.0,0.255,0.0,0.0,54.239
304,31249854#2,Lebuh Carnarvon,36.54,290,83.458,0.0,0.158,0.0,0.0,53.792
305,160439693#2,Lebuh Pantai,61.92,548,73.59,0.0,0.068,0.0,0.0,53.684
306,31250668#2,Lebuh Leith,52.51,369,84.722,0.0,0.147,0.0,0.0,53.623
307,784330003#2,Lebuh Light,58.77,182,80.973,0.0,0.197,0.0,0.0,53.104
308,168175855#1,Lebuh Carnarvon,12.82,96,46.394,0.0,0.063,0.0,0.0,53.092
309,168175856#1,Lebuh Carnarvon,45.13,101,74.222,0.0,0.189,0.0,0.0,53.092
310,179564510#0,Gat Lebuh Noordin,115.45,53,46.369,0.0,0.074,0.0,0.0,52.971
311,979454434#2,Lebuh Gereja,35.19,86,46.375,0.0,0.064,0.0,0.0,52.935
312,168175855#2,Lebuh Carnarvon,24.03,96,46.623,0.0,0.059,0.0,0.0,52.669
313,784805344,Lebuh Carnarvon,27.23,101,77.664,0.0,0.216,0.0,0.0,52.488
314,232874888#6,Jalan Sultan Ahmad Shah,34.87,512,88.576,0.0,0.104,0.0,0.0,52.391
315,978294683,Jalan Sultan Ahmad Shah,24.6,767,89.36,0.0,0.097,0.0,0.0,52.331
316,993415037,Pengkalan Weld,11.28,183,82.827,0.0,0.175,0.0,0.0,52.331
317,46906456#2,Lebuh Carnarvon,42.92,212,83.012,0.0,0.166,0.0,0.0,52.258
318,714362126#0,Lebuh Carnarvon,34.47,148,82.304,0.0,0.178,0.0,0.0,51.655
319,47855702#1,Lorong Love,27.24,68,46.873,0.0,0.057,0.0,0.0,51.546
320,760445561#7,Lebuh Victoria,76.01,257,73.383,0.0,0.075,0.0,0.0,51.244
321,179591140#2,Jalan Magazine,6.08,396,89.218,0.0,0.102,0.0,0.0,51.135
322,784330005,Lebuh Farquhar,35.85,181,84.11,0.0,0.166,0.0,0.0,51.099
323,47855702#2,Lorong Love,15.49,68,47.017,0.0,0.054,0.0,0.0,51.063
324,232874894#1,Jalan Penang,29.5,89,80.652,0.0,0.191,0.0,0.0,51.002
325,232887452#3,Lebuh Pantai,7.13,86,69.638,0.0,0.121,0.0,0.0,50.942
326,48737683#3,Lorong Seck Chuan,59.59,28,47.75,0.0,0.065,0.0,0.0,50.616
327,232874888#7,Jalan Sultan Ahmad Shah,50.5,512,90.562,0.0,0.084,0.0,0.0,50.58
328,579261136#2,Jalan Masjid Kapitan Keling,46.23,181,84.901,0.0,0.158,0.0,0.0,50.374
329,747351259#0,Jalan Sultan Ahmad Shah,9.61,512,90.775,0.0,0.081,0.0,0.0,50.338
330,47657367#1,Lebuh Muntri,208.41,55,47.508,0.0,0.05,0.0,0.0,50.326
331,979454432,Lebuh Queen,68.68,10,46.025,0.0,0.053,0.0,0.0,50.266
332,47657367#3,Lebuh Muntri,56.3,54,47.577,0.0,0.049,0.0,0.0,50.097
333,267634032#0,Pengkalan Weld,16.87,137,82.848,0.0,0.158,0.0,0.0,49.976
334,993415036,Pengkalan Weld,42.31,183,86.891,0.0,0.133,0.0,0.0,49.915
335,1434761100#2,Lebuh Campbell,54.39,266,74.045,0.0,0.062,0.0,0.0,49.903
336,48737683#2,Lorong Seck Chuan,13.07,28,47.986,0.0,0.062,0.0,0.0,49.891
337,1270806634,Pengkalan Weld,9.68,182,86.477,0.0,0.138,0.0,0.0,49.843
338,757097127#0,Lorong Stewart,39.31,54,47.644,0.0,0.048,0.0,0.0,49.795
339,1328090581#1,Lebuh Carnarvon,17.36,290,89.406,0.0,0.099,0.0,0.0,49.626
340,762420639#0,Lebuh Victoria,136.23,248,74.247,0.0,0.068,0.0,0.0,49.626
341,47657367#2,Lebuh Muntri,45.22,54,47.713,0.0,0.047,0.0,0.0,49.553
342,747351259#1,Jalan Sultan Ahmad Shah,48.87,512,91.558,0.0,0.073,0.0,0.0,49.553
343,760445561#5,Lebuh Victoria,21.66,9,70.604,0.0,0.132,0.0,0.0,49.13
344,-761361243,Lebuh Leith,44.88,85,71.72,0.0,0.099,0.0,0.0,49.118
345,-232874892#5,Jalan Penang,18.05,60,81.835,0.0,0.167,0.0,0.0,48.925
346,579261136#0,Jalan Masjid Kapitan Keling,65.97,181,87.718,0.0,0.13,0.0,0.0,48.865
347,1434761100#1,Lebuh Campbell,36.77,266,74.885,0.0,0.051,0.0,0.0,48.816
348,758391341,(unnamed),21.22,304,75.922,0.0,0.041,0.0,0.0,48.502
349,741719632,Lebuh Downing,63.75,87,84.638,0.0,0.146,0.0,0.0,48.297
350,714362126#1,Lebuh Carnarvon,34.71,148,87.453,0.0,0.127,0.0,0.0,48.273
351,784330003#4,Lebuh Light,15.05,182,89.025,0.0,0.116,0.0,0.0,48.213
352,587789127#0,Lebuh Pantai,22.75,86,72.684,0.0,0.083,0.0,0.0,48.043
353,761682727,Pengkalan Weld,29.79,271,91.99,0.0,0.08,0.0,0.0,47.766
354,784906019#0,Jalan Magazine,23.46,396,93.017,0.0,0.064,0.0,0.0,47.331
355,842950909#0,Jalan Sultan Ahmad Shah,36.69,512,93.215,0.0,0.057,0.0,0.0,47.319
356,232874890,Jalan Sultan Ahmad Shah,42.17,398,92.721,0.0,0.059,0.0,0.0,47.077
357,714362124#1,Lebuh Carnarvon,79.37,101,87.322,0.0,0.118,0.0,0.0,46.993
358,1148897218#0,Pengkalan Weld,36.93,139,89.207,0.0,0.107,0.0,0.0,46.932
359,232874898#3,Pengkalan Weld,122.15,183,90.66,0.0,0.096,0.0,0.0,46.655
360,46906456#3,Lebuh Carnarvon,60.6,212,91.074,0.0,0.085,0.0,0.0,46.643
361,-784811174,Jalan Masjid Kapitan Keling,15.78,181,91.034,0.0,0.096,0.0,0.0,46.147
362,-979454448#0,Jalan Masjid Kapitan Keling,40.14,181,91.729,0.0,0.09,0.0,0.0,45.604
363,607843788#1,Kampung Kolam,18.88,43,88.859,0.0,0.129,0.0,0.0,45.495
364,23109528#2,Lebuh Farquhar,50.65,256,93.728,0.0,0.067,0.0,0.0,45.447
365,267634032#1,Pengkalan Weld,58.44,138,89.414,0.0,0.091,0.0,0.0,45.423
366,232874894#2,Jalan Penang,44.95,89,89.399,0.0,0.103,0.0,0.0,45.386
367,784906019#1,Jalan Magazine,9.56,397,94.497,0.0,0.048,0.0,0.0,45.302
368,1086378765,Gat Lebuh Maccallum,78.97,199,76.856,0.0,0.037,0.0,0.0,45.278
369,760445561#4,Lebuh Victoria,10.34,9,74.47,0.0,0.084,0.0,0.0,45.205
370,758391344,(unnamed),42.85,199,76.882,0.0,0.036,0.0,0.0,45.036
371,-232874892#2,Jalan Penang,47.7,60,88.822,0.0,0.096,0.0,0.0,44.155
372,1148899870#3,Pengkalan Weld,81.02,139,92.241,0.0,0.075,0.0,0.0,44.155
373,1148897218#1,Pengkalan Weld,26.83,138,92.076,0.0,0.078,0.0,0.0,44.094
374,1118021472#1,Pengkalan Weld,138.37,184,93.56,0.0,0.067,0.0,0.0,44.046
375,23159566#0,Pesara King Edward,66.13,271,95.18,0.0,0.047,0.0,0.0,43.478
376,1148897218#2,Pengkalan Weld,9.8,138,93.066,0.0,0.069,0.0,0.0,43.309
377,183547138#0,Lebuh Farquhar,56.42,182,94.239,0.0,0.065,0.0,0.0,43.14
378,160439552,Kampung Kolam,57.16,43,92.029,0.0,0.098,0.0,0.0,42.899
379,842950909#1,Jalan Sultan Ahmad Shah,32.54,271,95.054,0.0,0.04,0.0,0.0,42.814
380,1148897218#3,Pengkalan Weld,7.84,138,93.434,0.0,0.065,0.0,0.0,42.524
381,747351265,Jalan Transfer,52.01,241,94.032,0.0,0.046,0.0,0.0,42.355
382,-761361247,Lebuh Leith,39.48,85,76.876,0.0,0.034,0.0,0.0,42.174
383,162194013#1,Lebuh Leith,9.08,85,76.881,0.0,0.034,0.0,0.0,41.993
384,-761361248,Lebuh Leith,16.39,85,76.929,0.0,0.034,0.0,0.0,41.932
385,-761361244,Lebuh Leith,28.65,85,76.957,0.0,0.033,0.0,0.0,41.751
386,183547138#1,Lebuh Farquhar,100.7,182,95.272,0.0,0.055,0.0,0.0,41.751
387,162194013#0,Lebuh Leith,29.5,85,77.018,0.0,0.033,0.0,0.0,41.57
388,1148897217,Pengkalan Weld,19.76,138,94.187,0.0,0.057,0.0,0.0,41.498
389,23109528#3,Lebuh Farquhar,1.77,255,96.247,0.0,0.041,0.0,0.0,41.461
390,1148899870#2,Pengkalan Weld,54.15,139,94.297,0.0,0.054,0.0,0.0,41.377
391,1148899870#1,Pengkalan Weld,80.95,139,94.399,0.0,0.053,0.0,0.0,41.196
392,23109528#8,Lebuh Farquhar,11.21,255,96.39,0.0,0.04,0.0,0.0,41.159
393,760445561#3,Lebuh Victoria,22.05,9,77.308,0.0,0.049,0.0,0.0,41.159
394,-761361246,Lebuh Leith,13.43,85,77.263,0.0,0.029,0.0,0.0,41.027
395,23109528#4,Lebuh Farquhar,13.85,255,96.805,0.0,0.036,0.0,0.0,40.857
396,1148899870#0,Pengkalan Weld,16.04,139,94.899,0.0,0.049,0.0,0.0,40.713
397,267634032#2,Pengkalan Weld,85.4,138,93.759,0.0,0.047,0.0,0.0,40.592
398,23109528#7,Lebuh Farquhar,19.29,255,97.112,0.0,0.033,0.0,0.0,40.314
399,714361124#1,Pengkalan Weld,31.99,138,95.037,0.0,0.048,0.0,0.0,40.29
400,23109528#6,Lebuh Farquhar,23.2,255,97.289,0.0,0.031,0.0,0.0,40.133
401,760445561#2,Lebuh Victoria,1.72,9,77.768,0.0,0.04,0.0,0.0,39.891
402,23109528#5,Lebuh Farquhar,73.05,255,97.403,0.0,0.03,0.0,0.0,39.831
403,1148899869,Pengkalan Weld,12.93,139,95.294,0.0,0.045,0.0,0.0,39.746
404,714361124#3,Pengkalan Weld,35.21,139,95.288,0.0,0.044,0.0,0.0,39.746
405,760445561#1,Lebuh Victoria,21.35,9,78.335,0.0,0.036,0.0,0.0,39.589
406,714361124#5,Pengkalan Weld,33.73,139,95.296,0.0,0.044,0.0,0.0,39.565
407,714361124#2,Pengkalan Weld,22.89,138,95.439,0.0,0.044,0.0,0.0,39.203
408,232874898#1,Pengkalan Weld,42.67,183,97.101,0.0,0.032,0.0,0.0,38.986
409,232874898#2,Pengkalan Weld,23.02,183,97.295,0.0,0.03,0.0,0.0,38.623
410,760445561#0,Lebuh Victoria,36.04,9,79.205,0.0,0.026,0.0,0.0,38.502
411,1118021473,(unnamed),52.25,87,95.209,0.0,0.04,0.0,0.0,38.333
412,607843788#0,Kampung Kolam,27.79,43,96.168,0.0,0.057,0.0,0.0,38.128
413,1118021471#1,(unnamed),5.78,87,95.99,0.0,0.033,0.0,0.0,37.246
414,607843787,Kampung Kolam,27.72,43,97.29,0.0,0.046,0.0,0.0,36.618
